RegionName;NavigationChain;Name;Price;OldPrice;Availability;ProductUrl;ImageUrl
Санкт-Петербург;Главная/Каталог продукции/Конструкторы LEGO/Конструкторы LEGO DUPLO (ЛЕГО ДУПЛО)/Lego Duplo 2304 Лего Дупло Строительная пластина (38х38)/;Lego Duplo 2304 Лего Дупло Строительная пластина (38х38);0;0;Нет в наличии;https://www.toy.ru/catalog/duplo/lego_duplo_2304_lego_duplo_stroitelnaya_plastina_38kh38/;"https://cdn.toy.ru/upload/iblock/602/6197d787_e5b0_11df_9723_00210091c2bb.jpeg?_cvc=1694840160;https://cdn.toy.ru/upload/iblock/f06/6197d787_e5b0_11df_9723_00210091c2bb2304_2.jpeg?_cvc=1694840160;https://cdn.toy.ru/upload/iblock/755/6197d787_e5b0_11df_9723_00210091c2bb2304_3.jpeg?_cvc=1694840160;https://cdn.toy.ru/upload/resize_cache/iblock/602/80_80_10240811ca8906714d1a9f41f2f5b358d/6197d787_e5b0_11df_9723_00210091c2bb.jpeg?_cvc=1694840160;https://cdn.toy.ru/upload/resize_cache/iblock/f06/80_80_10240811ca8906714d1a9f41f2f5b358d/6197d787_e5b0_11df_9723_00210091c2bb2304_2.jpeg?_cvc=1694840160;https://cdn.toy.ru/upload/resize_cache/iblock/755/80_80_10240811ca8906714d1a9f41f2f5b358d/6197d787_e5b0_11df_9723_00210091c2bb2304_3.jpeg?_cvc=1694840160;"
Санкт-Петербург;Главная/Каталог продукции/Транспорт/Спецтехника /Wow Wee 5569 Power Treads Вездеход с автотреком/;Wow Wee 5569 Power Treads Вездеход с автотреком;4599;5119;В наличии;https://www.toy.ru/catalog/toys-spetstekhnika/wow_wee_5569_power_treads_vezdekhod_s_avtotrekom/;"https://cdn.toy.ru/upload/iblock/503/81ufxnehcjl._ac_sl1500_.jpg?_cvc=1694840160;https://cdn.toy.ru/upload/iblock/a90/1.jpg?_cvc=1694840160;https://cdn.toy.ru/upload/iblock/79a/61grl_o_w6l._ac_sl1500_.jpg?_cvc=1694840160;https://cdn.toy.ru/upload/iblock/961/71qaofelkll._ac_sl1500_.jpg?_cvc=1694840160;https://i.ytimg.com/vi/5mDxaaI5AbI/maxresdefault.jpg;https://cdn.toy.ru/upload/resize_cache/iblock/503/80_80_10240811ca8906714d1a9f41f2f5b358d/81ufxnehcjl._ac_sl1500_.jpg?_cvc=1694840160;https://cdn.toy.ru/upload/resize_cache/iblock/a90/80_80_10240811ca8906714d1a9f41f2f5b358d/1.jpg?_cvc=1694840160;https://cdn.toy.ru/upload/resize_cache/iblock/79a/80_80_10240811ca8906714d1a9f41f2f5b358d/61grl_o_w6l._ac_sl1500_.jpg?_cvc=1694840160;https://cdn.toy.ru/upload/resize_cache/iblock/961/80_80_10240811ca8906714d1a9f41f2f5b358d/71qaofelkll._ac_sl1500_.jpg?_cvc=1694840160;"
Санкт-Петербург;Главная/Каталог продукции/Распродажа игрушек для детей /Ликвидация товара/Paw Patrol 16605 Щенячий патруль Машинка спасателя (в ассортименте)/;Paw Patrol 16605 Щенячий патруль Машинка спасателя (в ассортименте);597;929;В наличии;https://www.toy.ru/catalog/igrushki_so_skidkoy/paw_patrol_16605_shchenyachiy_patrul_inertsionnaya_mashinka_spasatelya/;"https://cdn.toy.ru/upload/iblock/2b5/1.jpg?_cvc=1694840160;https://cdn.toy.ru/upload/iblock/dce/1.jpg?_cvc=1694840160;https://cdn.toy.ru/upload/iblock/6b4/2.jpg?_cvc=1694840160;https://cdn.toy.ru/upload/iblock/e49/778988239728_20075006_rescue-racer_apollo-super-pup_vn_m11_gbl_product_2.jpg?_cvc=1694840160;https://cdn.toy.ru/upload/iblock/474/4e44ccd9_aff8_11e3_9d8f_002655824cb616605_2.jpeg?_cvc=1694840160;https://cdn.toy.ru/upload/iblock/1cf/4e44ccd9_aff8_11e3_9d8f_002655824cb616605_4.jpeg?_cvc=1694840160;https://i.ytimg.com/vi/Qj5TmJbQhAU/mqdefault.jpg;https://cdn.toy.ru/upload/resize_cache/iblock/2b5/80_80_10240811ca8906714d1a9f41f2f5b358d/1.jpg?_cvc=1694840160;https://cdn.toy.ru/upload/resize_cache/iblock/dce/80_80_10240811ca8906714d1a9f41f2f5b358d/1.jpg?_cvc=1694840160;https://cdn.toy.ru/upload/resize_cache/iblock/6b4/80_80_10240811ca8906714d1a9f41f2f5b358d/2.jpg?_cvc=1694840160;https://cdn.toy.ru/upload/resize_cache/iblock/e49/80_80_10240811ca8906714d1a9f41f2f5b358d/778988239728_20075006_rescue-racer_apollo-super-pup_vn_m11_gbl_product_2.jpg?_cvc=1694840160;https://cdn.toy.ru/upload/resize_cache/iblock/474/80_80_10240811ca8906714d1a9f41f2f5b358d/4e44ccd9_aff8_11e3_9d8f_002655824cb616605_2.jpeg?_cvc=1694840160;https://cdn.toy.ru/upload/resize_cache/iblock/1cf/80_80_10240811ca8906714d1a9f41f2f5b358d/4e44ccd9_aff8_11e3_9d8f_002655824cb616605_4.jpeg?_cvc=1694840160;"
Санкт-Петербург;Главная/Каталог продукции/Мягкие игрушки/Мягкие игрушки домашние животные/Secret Life of Pets 72809 Тайная жизнь домашних животных Плюш со звук. эффектами (в ассортименте)/;Secret Life of Pets 72809 Тайная жизнь домашних животных Плюш со звук. эффектами (в ассортименте);0;0;Нет в наличии;https://www.toy.ru/catalog/domashnie_zveri/secret_life_of_pets_72809_taynaya_zhizn_domashnikh_zhivotnykh_plyush_so_zvukovymi_effektami_v_assort/;"https://cdn.toy.ru/upload/iblock/75a/2ec38338_cfd2_11e5_be7a_00155d093116.jpeg?_cvc=1694840160;https://cdn.toy.ru/upload/iblock/871/2ec38338_cfd2_11e5_be7a_00155d09311672809_4.jpeg?_cvc=1694840160;https://cdn.toy.ru/upload/iblock/b98/2ec38338_cfd2_11e5_be7a_00155d09311672809_3.jpeg?_cvc=1694840160;https://cdn.toy.ru/upload/iblock/b60/2ec38338_cfd2_11e5_be7a_00155d09311672809_2.jpeg?_cvc=1694840160;https://i.ytimg.com/vi/BGUmL8OTQhU/maxresdefault.jpg;https://cdn.toy.ru/upload/resize_cache/iblock/75a/80_80_10240811ca8906714d1a9f41f2f5b358d/2ec38338_cfd2_11e5_be7a_00155d093116.jpeg?_cvc=1694840160;https://cdn.toy.ru/upload/resize_cache/iblock/871/80_80_10240811ca8906714d1a9f41f2f5b358d/2ec38338_cfd2_11e5_be7a_00155d09311672809_4.jpeg?_cvc=1694840160;https://cdn.toy.ru/upload/resize_cache/iblock/b98/80_80_10240811ca8906714d1a9f41f2f5b358d/2ec38338_cfd2_11e5_be7a_00155d09311672809_3.jpeg?_cvc=1694840160;https://cdn.toy.ru/upload/resize_cache/iblock/b60/80_80_10240811ca8906714d1a9f41f2f5b358d/2ec38338_cfd2_11e5_be7a_00155d09311672809_2.jpeg?_cvc=1694840160;"
Санкт-Петербург;Главная/Каталог продукции/Товары для малышей/Игрушки для малышей/Развивающие игрушки для малышей/Mattel Fisher-Price FLR18 Фишер Прайс Лягушка Измеряем и сравниваем/;Mattel Fisher-Price FLR18 Фишер Прайс Лягушка Измеряем и сравниваем;3129;3289;В наличии;https://www.toy.ru/catalog/toys-razvivayushchie-igrushki/mattel_fisher_price_flr18_fisher_prays_lyagushka_izmeryaem_i_sravnivaem/;"https://cdn.toy.ru/upload/iblock/096/mattel_razvivayushchaya_lyagushka_fisher_price_flr18_izmeryaem_i_sravnivaem_759545_1.jpg?_cvc=1694840160;https://cdn.toy.ru/upload/iblock/aff/mattel_razvivayushchaya_lyagushka_fisher_price_flr18_izmeryaem_i_sravnivaem_759545_2.jpg?_cvc=1694840160;https://cdn.toy.ru/upload/iblock/da8/mattel_razvivayushchaya_lyagushka_fisher_price_flr18_izmeryaem_i_sravnivaem_759545_3.jpg?_cvc=1694840160;https://cdn.toy.ru/upload/resize_cache/iblock/096/80_80_10240811ca8906714d1a9f41f2f5b358d/mattel_razvivayushchaya_lyagushka_fisher_price_flr18_izmeryaem_i_sravnivaem_759545_1.jpg?_cvc=1694840160;https://cdn.toy.ru/upload/resize_cache/iblock/aff/80_80_10240811ca8906714d1a9f41f2f5b358d/mattel_razvivayushchaya_lyagushka_fisher_price_flr18_izmeryaem_i_sravnivaem_759545_2.jpg?_cvc=1694840160;https://cdn.toy.ru/upload/resize_cache/iblock/da8/80_80_10240811ca8906714d1a9f41f2f5b358d/mattel_razvivayushchaya_lyagushka_fisher_price_flr18_izmeryaem_i_sravnivaem_759545_3.jpg?_cvc=1694840160;"
Санкт-Петербург;Главная/Каталог продукции/Распродажа игрушек для детей /Ликвидация товара/Ooba NPD1807B Настольная игра 5 маленьких рыбок/;Ooba NPD1807B Настольная игра 5 маленьких рыбок;899;999;В наличии;https://www.toy.ru/catalog/igrushki_so_skidkoy/ooba_npd1807b_nastolnaya_igra_5_malenkikh_rybok/;"https://cdn.toy.ru/upload/iblock/967/1.jpg?_cvc=1694840160;https://cdn.toy.ru/upload/iblock/13a/c06334ef769e12d281f3dbd612777241.jpg?_cvc=1694840160;https://cdn.toy.ru/upload/iblock/6aa/47e1e25d420e5838c3bb28e51c0e66a3.jpg?_cvc=1694840160;https://cdn.toy.ru/upload/resize_cache/iblock/967/80_80_10240811ca8906714d1a9f41f2f5b358d/1.jpg?_cvc=1694840160;https://cdn.toy.ru/upload/resize_cache/iblock/13a/80_80_10240811ca8906714d1a9f41f2f5b358d/c06334ef769e12d281f3dbd612777241.jpg?_cvc=1694840160;https://cdn.toy.ru/upload/resize_cache/iblock/6aa/80_80_10240811ca8906714d1a9f41f2f5b358d/47e1e25d420e5838c3bb28e51c0e66a3.jpg?_cvc=1694840160;"
Санкт-Петербург;Главная/Каталог продукции/Товары для малышей/Подгузники и гигиена/Подгузники и пеленки/LUXSAN 26660 Пелёнка Baby 60х60 с рисунком/;LUXSAN 26660 Пелёнка Baby 60х60 с рисунком;399;569;В наличии;https://www.toy.ru/catalog/podguzniki_i_pelenki/luxsan_26660_pelyenka_baby_60kh60_s_risunkom/;"https://cdn.toy.ru/upload/iblock/86c/pelyonka_baby_60h60_s_risunkom_20_6_luxsan_528515_1.png?_cvc=1694840160;https://cdn.toy.ru/upload/resize_cache/iblock/86c/80_80_10240811ca8906714d1a9f41f2f5b358d/pelyonka_baby_60h60_s_risunkom_20_6_luxsan_528515_1.png?_cvc=1694840160;"
Санкт-Петербург;Главная/Каталог продукции/Куклы и аксессуары к ним (одежда, туфли, платья)/Shibajuku Girls/Shibajuku Girls HUN8530 Кукла Кое 4, 33 см/;Shibajuku Girls HUN8530 Кукла Кое 4, 33 см;1599;2939;В наличии;https://www.toy.ru/catalog/shibajuku_girls/shibajuku_girls_hun8530_kukla_koe_4_33_sm/;"https://cdn.toy.ru/upload/iblock/f87/hun8530.png?_cvc=1694840160;https://cdn.toy.ru/upload/iblock/4c4/hun8530-koe-_1_.jpg?_cvc=1694840160;https://i.ytimg.com/vi/f4bIUkkUWjM/mqdefault.jpg;https://cdn.toy.ru/upload/resize_cache/iblock/f87/80_80_10240811ca8906714d1a9f41f2f5b358d/hun8530.png?_cvc=1694840160;https://cdn.toy.ru/upload/resize_cache/iblock/4c4/80_80_10240811ca8906714d1a9f41f2f5b358d/hun8530-koe-_1_.jpg?_cvc=1694840160;"
Санкт-Петербург;Главная/Каталог продукции/Конструкторы LEGO/Lego Legends of Chima (Лего Легенды Чимы)/Лего Чима 6031657_1 Конструктор Keychain Cragger/;Лего Чима 6031657_1 Конструктор Keychain Cragger;0;0;Нет в наличии;https://www.toy.ru/catalog/legendy_chima/lego_legends_of_chima_6031657_1_lego_legendy_chimy_keychain_cragger/;
Санкт-Петербург;Главная/Каталог продукции/Развивающие игры и хобби/Наборы для творчества/Kinetic sand 71435 Кинетик сэнд Морской песок 1,4 кг коричневый/;Kinetic sand 71435 Кинетик сэнд Морской песок 1,4 кг коричневый;1519;1679;В наличии;https://www.toy.ru/catalog/toys-nabory-dlya-tvorchestva/kinetic_sand_71435_kinetik_send_morskoy_pesok_1_4_kg_korichnevyorskoy_pesok_1_4_kg_korichnevyy/;"https://cdn.toy.ru/upload/iblock/1d8/8ccf3bc3_6066_11e6_b115_00155d093116.jpeg?_cvc=1694840160;https://cdn.toy.ru/upload/iblock/435/8ccf3bc3_6066_11e6_b115_00155d09311671435_2.jpeg?_cvc=1694840160;https://cdn.toy.ru/upload/resize_cache/iblock/1d8/80_80_10240811ca8906714d1a9f41f2f5b358d/8ccf3bc3_6066_11e6_b115_00155d093116.jpeg?_cvc=1694840160;https://cdn.toy.ru/upload/resize_cache/iblock/435/80_80_10240811ca8906714d1a9f41f2f5b358d/8ccf3bc3_6066_11e6_b115_00155d09311671435_2.jpeg?_cvc=1694840160;"
Санкт-Петербург;"Главная/Каталог продукции/Товары для школы/Книги/Книги PR001 Книга ""Раскраска""/";"Книги PR001 Книга ""Раскраска""";29;59;В наличии;https://www.toy.ru/catalog/knigi/knigi_pr001_kniga_raskraska/;
Санкт-Петербург;Главная/Каталог продукции/Распродажа игрушек для детей /Ликвидация товара/Paw Patrol 16605 Щенячий патруль Машинка спасателя (в ассортименте)/;Paw Patrol 16605 Щенячий патруль Машинка спасателя (в ассортименте);597;929;В наличии;https://www.toy.ru/catalog/igrushki_so_skidkoy/paw_patrol_16605_shchenyachiy_patrul_inertsionnaya_mashinka_spasatelya/;"https://cdn.toy.ru/upload/iblock/2b5/1.jpg?_cvc=1694840160;https://cdn.toy.ru/upload/iblock/dce/1.jpg?_cvc=1694840160;https://cdn.toy.ru/upload/iblock/6b4/2.jpg?_cvc=1694840160;https://cdn.toy.ru/upload/iblock/e49/778988239728_20075006_rescue-racer_apollo-super-pup_vn_m11_gbl_product_2.jpg?_cvc=1694840160;https://cdn.toy.ru/upload/iblock/474/4e44ccd9_aff8_11e3_9d8f_002655824cb616605_2.jpeg?_cvc=1694840160;https://cdn.toy.ru/upload/iblock/1cf/4e44ccd9_aff8_11e3_9d8f_002655824cb616605_4.jpeg?_cvc=1694840160;https://i.ytimg.com/vi/Qj5TmJbQhAU/mqdefault.jpg;https://cdn.toy.ru/upload/resize_cache/iblock/2b5/80_80_10240811ca8906714d1a9f41f2f5b358d/1.jpg?_cvc=1694840160;https://cdn.toy.ru/upload/resize_cache/iblock/dce/80_80_10240811ca8906714d1a9f41f2f5b358d/1.jpg?_cvc=1694840160;https://cdn.toy.ru/upload/resize_cache/iblock/6b4/80_80_10240811ca8906714d1a9f41f2f5b358d/2.jpg?_cvc=1694840160;https://cdn.toy.ru/upload/resize_cache/iblock/e49/80_80_10240811ca8906714d1a9f41f2f5b358d/778988239728_20075006_rescue-racer_apollo-super-pup_vn_m11_gbl_product_2.jpg?_cvc=1694840160;https://cdn.toy.ru/upload/resize_cache/iblock/474/80_80_10240811ca8906714d1a9f41f2f5b358d/4e44ccd9_aff8_11e3_9d8f_002655824cb616605_2.jpeg?_cvc=1694840160;https://cdn.toy.ru/upload/resize_cache/iblock/1cf/80_80_10240811ca8906714d1a9f41f2f5b358d/4e44ccd9_aff8_11e3_9d8f_002655824cb616605_4.jpeg?_cvc=1694840160;"
Санкт-Петербург;Главная/Каталог продукции/Транспорт/Спецтехника /Wow Wee 5569 Power Treads Вездеход с автотреком/;Wow Wee 5569 Power Treads Вездеход с автотреком;4599;5119;В наличии;https://www.toy.ru/catalog/toys-spetstekhnika/wow_wee_5569_power_treads_vezdekhod_s_avtotrekom/;"https://cdn.toy.ru/upload/iblock/503/81ufxnehcjl._ac_sl1500_.jpg?_cvc=1694840160;https://cdn.toy.ru/upload/iblock/a90/1.jpg?_cvc=1694840160;https://cdn.toy.ru/upload/iblock/79a/61grl_o_w6l._ac_sl1500_.jpg?_cvc=1694840160;https://cdn.toy.ru/upload/iblock/961/71qaofelkll._ac_sl1500_.jpg?_cvc=1694840160;https://i.ytimg.com/vi/5mDxaaI5AbI/maxresdefault.jpg;https://cdn.toy.ru/upload/resize_cache/iblock/503/80_80_10240811ca8906714d1a9f41f2f5b358d/81ufxnehcjl._ac_sl1500_.jpg?_cvc=1694840160;https://cdn.toy.ru/upload/resize_cache/iblock/a90/80_80_10240811ca8906714d1a9f41f2f5b358d/1.jpg?_cvc=1694840160;https://cdn.toy.ru/upload/resize_cache/iblock/79a/80_80_10240811ca8906714d1a9f41f2f5b358d/61grl_o_w6l._ac_sl1500_.jpg?_cvc=1694840160;https://cdn.toy.ru/upload/resize_cache/iblock/961/80_80_10240811ca8906714d1a9f41f2f5b358d/71qaofelkll._ac_sl1500_.jpg?_cvc=1694840160;"
Санкт-Петербург;"Главная/Каталог продукции/Транспорт/Коллекционные машинки/Модели российских автомобилей/Welly 43727RY Велли Модель машины 1:34-39 LADA Vesta ""Спорт""/";"Welly 43727RY Велли Модель машины 1:34-39 LADA Vesta ""Спорт""";389;0;В наличии;https://www.toy.ru/catalog/modeli_otechestvennykh_mashin/welly_43727ry_velli_model_mashiny_1_34_39_lada_vesta_sport/;"https://cdn.toy.ru/upload/iblock/dc7/43727ry.jpg?_cvc=1694840160;https://cdn.toy.ru/upload/resize_cache/iblock/dc7/80_80_10240811ca8906714d1a9f41f2f5b358d/43727ry.jpg?_cvc=1694840160;"
Санкт-Петербург;Главная/Каталог продукции/Транспорт/Коллекционные машинки/Коллекционные машинки/Welly 47002S Велли Модель машины 1:34-39 Chevrolet Tahoe Big Wheel Monster/;Welly 47002S Велли Модель машины 1:34-39 Chevrolet Tahoe Big Wheel Monster;749;0;В наличии;https://www.toy.ru/catalog/modeli_mashin/welly_47002s_velli_model_mashiny_1_34_39_chevrolet_tahoe_big_wheel_monster/;"https://cdn.toy.ru/upload/iblock/7df/47002s.jpg?_cvc=1694840160;https://cdn.toy.ru/upload/resize_cache/iblock/7df/80_80_10240811ca8906714d1a9f41f2f5b358d/47002s.jpg?_cvc=1694840160;"
Санкт-Петербург;Главная/Каталог продукции/Транспорт/Коллекционные машинки/Коллекционные машинки/Welly 43763FS Велли Модель машины 1:34-39 LADA VESTA SW CROSS Пожарная охрана/;Welly 43763FS Велли Модель машины 1:34-39 LADA VESTA SW CROSS Пожарная охрана;459;0;В наличии;https://www.toy.ru/catalog/modeli_mashin/welly_43763fs_velli_model_mashiny_1_34_39_lada_vesta_sw_cross_pozharnaya_okhrana/;"https://cdn.toy.ru/upload/iblock/3eb/43763fs_3.png?_cvc=1694840160;https://cdn.toy.ru/upload/iblock/717/43763fs.png?_cvc=1694840160;https://cdn.toy.ru/upload/iblock/69f/43763fs_2.png?_cvc=1694840160;https://cdn.toy.ru/upload/resize_cache/iblock/3eb/80_80_10240811ca8906714d1a9f41f2f5b358d/43763fs_3.png?_cvc=1694840160;https://cdn.toy.ru/upload/resize_cache/iblock/717/80_80_10240811ca8906714d1a9f41f2f5b358d/43763fs.png?_cvc=1694840160;https://cdn.toy.ru/upload/resize_cache/iblock/69f/80_80_10240811ca8906714d1a9f41f2f5b358d/43763fs_2.png?_cvc=1694840160;"
Санкт-Петербург;Главная/Каталог продукции/Транспорт/Коллекционные машинки/Коллекционные машинки/Wincars YK-2208 Машинка с большими колёсами инерционная металлическая 10 см, (в ассортименте)/;Wincars YK-2208 Машинка с большими колёсами инерционная металлическая 10 см, (в ассортименте);459;0;В наличии;https://www.toy.ru/catalog/modeli_mashin/wincars_yk_2208_mashinka_s_bolshimi_kolyesami_inertsionnaya_metallicheskaya_10_sm_v_assortimente/;"https://cdn.toy.ru/upload/iblock/3d1/yk_2208.jpg?_cvc=1694840160;https://cdn.toy.ru/upload/resize_cache/iblock/3d1/80_80_10240811ca8906714d1a9f41f2f5b358d/yk_2208.jpg?_cvc=1694840160;"
Санкт-Петербург;Главная/Каталог продукции/Транспорт/Коллекционные машинки/Коллекционные машинки/Welly 99191 Велли Военный автомобиль/;Welly 99191 Велли Военный автомобиль;419;0;В наличии;https://www.toy.ru/catalog/modeli_mashin/welly_99191_velli_voennyy_avtomobil/;"https://cdn.toy.ru/upload/iblock/876/99191.jpg?_cvc=1694840160;https://cdn.toy.ru/upload/resize_cache/iblock/876/80_80_10240811ca8906714d1a9f41f2f5b358d/99191.jpg?_cvc=1694840160;"
Санкт-Петербург;Главная/Каталог продукции/Транспорт/Коллекционные машинки/Коллекционные машинки/Hasbro Nerf Nitro C0774 Нерф Нитро машинки 3 шт/;Hasbro Nerf Nitro C0774 Нерф Нитро машинки 3 шт;1079;0;В наличии;https://www.toy.ru/catalog/modeli_mashin/hasbro_nerf_nitro_c0774_nerf_nitro_mashinki_3_sht/;"https://cdn.toy.ru/upload/iblock/bb8/fdkfk.jpg?_cvc=1694840160;https://cdn.toy.ru/upload/iblock/ecf/58f7ba5270409.jpg?_cvc=1694840160;https://cdn.toy.ru/upload/iblock/18a/58f7ba533c99e.jpg?_cvc=1694840160;https://cdn.toy.ru/upload/iblock/f0a/877bf764e446504c0ca5700f8c1c630e2b84192f.jpg?_cvc=1694840160;https://cdn.toy.ru/upload/iblock/f66/pc0774has_133475_f3f_1_1_166927.jpg?_cvc=1694840160;https://cdn.toy.ru/upload/resize_cache/iblock/bb8/80_80_10240811ca8906714d1a9f41f2f5b358d/fdkfk.jpg?_cvc=1694840160;https://cdn.toy.ru/upload/resize_cache/iblock/ecf/80_80_10240811ca8906714d1a9f41f2f5b358d/58f7ba5270409.jpg?_cvc=1694840160;https://cdn.toy.ru/upload/resize_cache/iblock/18a/80_80_10240811ca8906714d1a9f41f2f5b358d/58f7ba533c99e.jpg?_cvc=1694840160;https://cdn.toy.ru/upload/resize_cache/iblock/f0a/80_80_10240811ca8906714d1a9f41f2f5b358d/877bf764e446504c0ca5700f8c1c630e2b84192f.jpg?_cvc=1694840160;https://cdn.toy.ru/upload/resize_cache/iblock/f66/80_80_10240811ca8906714d1a9f41f2f5b358d/pc0774has_133475_f3f_1_1_166927.jpg?_cvc=1694840160;"
Санкт-Петербург;"Главная/Каталог продукции/Транспорт/Автотреки и машинки Hot Wheels/Mattel Hot Wheels FDY11 Хот Вилс Дополнительные детали для ""Умная"" трасса с Р/У машинками/";"Mattel Hot Wheels FDY11 Хот Вилс Дополнительные детали для ""Умная"" трасса с Р/У машинками";5369;0;В наличии;https://www.toy.ru/catalog/toys-avtotreki/mattel_hot_wheels_fdy11_khot_vils_dopolnitelnye_detali_dlya_umnaya_trassa_s_r_u_mashinkami/;"https://cdn.toy.ru/upload/iblock/fd2/fkd.jpg?_cvc=1694840160;https://cdn.toy.ru/upload/iblock/d66/hot_wheels_ai_racing_tracks_expansion_playset_6769e9ee.jpg?_cvc=1694840160;https://cdn.toy.ru/upload/iblock/057/6769e9ee.pt03.jpg?_cvc=1694840160;https://cdn.toy.ru/upload/iblock/d39/hot_wheels_ai_racing_tracks_expansion_playset_6769e9ee.pt01.jpg?_cvc=1694840160;https://cdn.toy.ru/upload/resize_cache/iblock/fd2/80_80_10240811ca8906714d1a9f41f2f5b358d/fkd.jpg?_cvc=1694840160;https://cdn.toy.ru/upload/resize_cache/iblock/d66/80_80_10240811ca8906714d1a9f41f2f5b358d/hot_wheels_ai_racing_tracks_expansion_playset_6769e9ee.jpg?_cvc=1694840160;https://cdn.toy.ru/upload/resize_cache/iblock/057/80_80_10240811ca8906714d1a9f41f2f5b358d/6769e9ee.pt03.jpg?_cvc=1694840160;https://cdn.toy.ru/upload/resize_cache/iblock/d39/80_80_10240811ca8906714d1a9f41f2f5b358d/hot_wheels_ai_racing_tracks_expansion_playset_6769e9ee.pt01.jpg?_cvc=1694840160;"
Санкт-Петербург;Главная/Каталог продукции/Транспорт/Коллекционные машинки/Коллекционные машинки/Welly 43739 Модель машины 1:38 Maserati Levante/;Welly 43739 Модель машины 1:38 Maserati Levante;579;0;В наличии;https://www.toy.ru/catalog/modeli_mashin/welly_43739_model_mashiny_1_38_maserati_levante/;"https://cdn.toy.ru/upload/iblock/404/655.jpg?_cvc=1694840160;https://cdn.toy.ru/upload/resize_cache/iblock/404/80_80_10240811ca8906714d1a9f41f2f5b358d/655.jpg?_cvc=1694840160;"
Санкт-Петербург;Главная/Каталог продукции/Транспорт/Коллекционные машинки/Наборы машинок/Hasbro Nerf Nitro E0153 Нерф Нитро Препятствие/;Hasbro Nerf Nitro E0153 Нерф Нитро Препятствие;509;0;В наличии;https://www.toy.ru/catalog/nabory_mashinok/hasbro_nerf_e0153_nerf_nitro_prepyatstvie/;"https://cdn.toy.ru/upload/iblock/820/s_l640.jpg?_cvc=1694840160;https://cdn.toy.ru/upload/iblock/7c5/dc8f1cb8273e7adc21352f8d3144d2c4.jpg?_cvc=1694840160;https://cdn.toy.ru/upload/iblock/690/ptruca1_26663896dt.jpg?_cvc=1694840160;https://cdn.toy.ru/upload/iblock/f11/1197800826_w0_h0_cid2856132_pid700134445_422d8054.jpg?_cvc=1694840160;https://cdn.toy.ru/upload/resize_cache/iblock/820/80_80_10240811ca8906714d1a9f41f2f5b358d/s_l640.jpg?_cvc=1694840160;https://cdn.toy.ru/upload/resize_cache/iblock/7c5/80_80_10240811ca8906714d1a9f41f2f5b358d/dc8f1cb8273e7adc21352f8d3144d2c4.jpg?_cvc=1694840160;https://cdn.toy.ru/upload/resize_cache/iblock/690/80_80_10240811ca8906714d1a9f41f2f5b358d/ptruca1_26663896dt.jpg?_cvc=1694840160;https://cdn.toy.ru/upload/resize_cache/iblock/f11/80_80_10240811ca8906714d1a9f41f2f5b358d/1197800826_w0_h0_cid2856132_pid700134445_422d8054.jpg?_cvc=1694840160;"
Санкт-Петербург;Главная/Каталог продукции/Транспорт/Автотреки и машинки Hot Wheels/Hasbro Nerf C3171 Машинки Нёрф Нитро 6 штук/;Hasbro Nerf C3171 Машинки Нёрф Нитро 6 штук;1279;0;В наличии;https://www.toy.ru/catalog/toys-avtotreki/hasbro_nerf_c3171_mashinki_nyerf_nitro_6_shtuk/;"https://cdn.toy.ru/upload/iblock/921/58f7b009bbe0c.jpg?_cvc=1694840160;https://cdn.toy.ru/upload/iblock/530/58f7b00acc3f1.jpg?_cvc=1694840160;https://cdn.toy.ru/upload/iblock/bd5/58f7b00bb7fb4.jpg?_cvc=1694840160;https://cdn.toy.ru/upload/iblock/c03/58f7b00cc14fa.jpg?_cvc=1694840160;https://cdn.toy.ru/upload/resize_cache/iblock/921/80_80_10240811ca8906714d1a9f41f2f5b358d/58f7b009bbe0c.jpg?_cvc=1694840160;https://cdn.toy.ru/upload/resize_cache/iblock/530/80_80_10240811ca8906714d1a9f41f2f5b358d/58f7b00acc3f1.jpg?_cvc=1694840160;https://cdn.toy.ru/upload/resize_cache/iblock/bd5/80_80_10240811ca8906714d1a9f41f2f5b358d/58f7b00bb7fb4.jpg?_cvc=1694840160;https://cdn.toy.ru/upload/resize_cache/iblock/c03/80_80_10240811ca8906714d1a9f41f2f5b358d/58f7b00cc14fa.jpg?_cvc=1694840160;"
Санкт-Петербург;Главная/Каталог продукции/Транспорт/Коллекционные машинки/Коллекционные машинки/Welly 43763 Велли Модель машины 1:34-39 LADA VESTA SW CROSS/;Welly 43763 Велли Модель машины 1:34-39 LADA VESTA SW CROSS;459;0;В наличии;https://www.toy.ru/catalog/modeli_mashin/welly_43763_velli_model_mashiny_1_34_39_lada_vesta_sw_cross/;"https://cdn.toy.ru/upload/iblock/df8/43763w_3.png?_cvc=1694840160;https://cdn.toy.ru/upload/iblock/10b/43763w.png?_cvc=1694840160;https://cdn.toy.ru/upload/iblock/956/43763w_2-_2_.png?_cvc=1694840160;https://cdn.toy.ru/upload/resize_cache/iblock/df8/80_80_10240811ca8906714d1a9f41f2f5b358d/43763w_3.png?_cvc=1694840160;https://cdn.toy.ru/upload/resize_cache/iblock/10b/80_80_10240811ca8906714d1a9f41f2f5b358d/43763w.png?_cvc=1694840160;https://cdn.toy.ru/upload/resize_cache/iblock/956/80_80_10240811ca8906714d1a9f41f2f5b358d/43763w_2-_2_.png?_cvc=1694840160;"
Санкт-Петербург;Главная/Каталог продукции/Транспорт/Коллекционные машинки/Коллекционные машинки/Welly 43763RY Велли Модель машины 1:34-39 LADA VESTA SW CROSS Sport/;Welly 43763RY Велли Модель машины 1:34-39 LADA VESTA SW CROSS Sport;459;0;В наличии;https://www.toy.ru/catalog/modeli_mashin/welly_43763ry_velli_model_mashiny_1_34_39_lada_vesta_sw_cross_sport/;"https://cdn.toy.ru/upload/iblock/d32/43763ry_3.png?_cvc=1694840160;https://cdn.toy.ru/upload/iblock/a30/43763ry.png?_cvc=1694840160;https://cdn.toy.ru/upload/iblock/330/43763ry_2.png?_cvc=1694840160;https://cdn.toy.ru/upload/resize_cache/iblock/d32/80_80_10240811ca8906714d1a9f41f2f5b358d/43763ry_3.png?_cvc=1694840160;https://cdn.toy.ru/upload/resize_cache/iblock/a30/80_80_10240811ca8906714d1a9f41f2f5b358d/43763ry.png?_cvc=1694840160;https://cdn.toy.ru/upload/resize_cache/iblock/330/80_80_10240811ca8906714d1a9f41f2f5b358d/43763ry_2.png?_cvc=1694840160;"
Санкт-Петербург;"Главная/Каталог продукции/Транспорт/Автотреки и машинки Hot Wheels/Mattel Hot Wheels GBF97 Хот Вилс Сити Игровой набор ""Разгневанный трицератопс""/";"Mattel Hot Wheels GBF97 Хот Вилс Сити Игровой набор ""Разгневанный трицератопс""";4589;0;В наличии;https://www.toy.ru/catalog/toys-avtotreki/mattel_hot_wheels_gbf97_khot_vils_siti_igrovoy_nabor_razgnevannyy_tritseratops/;"https://cdn.toy.ru/upload/iblock/1f9/gbf97_22.jpg?_cvc=1694840160;https://cdn.toy.ru/upload/iblock/fc0/gbf97_01.jpg?_cvc=1694840160;https://cdn.toy.ru/upload/iblock/dd2/gbf97_13.jpg?_cvc=1694840160;https://cdn.toy.ru/upload/iblock/01f/gbf97_14.jpg?_cvc=1694840160;https://cdn.toy.ru/upload/iblock/6d7/gbf97_15.jpg?_cvc=1694840160;https://cdn.toy.ru/upload/iblock/000/gbf97_19.jpg?_cvc=1694840160;https://cdn.toy.ru/upload/iblock/f5d/gbf97_20.jpg?_cvc=1694840160;https://cdn.toy.ru/upload/iblock/11f/gbf97_26.jpg?_cvc=1694840160;https://i.ytimg.com/vi/f4tsKExYLFA/mqdefault.jpg;https://cdn.toy.ru/upload/resize_cache/iblock/1f9/80_80_10240811ca8906714d1a9f41f2f5b358d/gbf97_22.jpg?_cvc=1694840160;https://cdn.toy.ru/upload/resize_cache/iblock/fc0/80_80_10240811ca8906714d1a9f41f2f5b358d/gbf97_01.jpg?_cvc=1694840160;https://cdn.toy.ru/upload/resize_cache/iblock/dd2/80_80_10240811ca8906714d1a9f41f2f5b358d/gbf97_13.jpg?_cvc=1694840160;https://cdn.toy.ru/upload/resize_cache/iblock/01f/80_80_10240811ca8906714d1a9f41f2f5b358d/gbf97_14.jpg?_cvc=1694840160;https://cdn.toy.ru/upload/resize_cache/iblock/6d7/80_80_10240811ca8906714d1a9f41f2f5b358d/gbf97_15.jpg?_cvc=1694840160;https://cdn.toy.ru/upload/resize_cache/iblock/000/80_80_10240811ca8906714d1a9f41f2f5b358d/gbf97_19.jpg?_cvc=1694840160;https://cdn.toy.ru/upload/resize_cache/iblock/f5d/80_80_10240811ca8906714d1a9f41f2f5b358d/gbf97_20.jpg?_cvc=1694840160;https://cdn.toy.ru/upload/resize_cache/iblock/11f/80_80_10240811ca8906714d1a9f41f2f5b358d/gbf97_26.jpg?_cvc=1694840160;"
Санкт-Петербург;"Главная/Каталог продукции/Транспорт/Машинки из мультфильмов/Monster Jam 6045029-FRE Монстр Джем игровой набор машинок ""Зона Зомби"" Freestyle/";"Monster Jam 6045029-FRE Монстр Джем игровой набор машинок ""Зона Зомби"" Freestyle";4659;0;В наличии;https://www.toy.ru/catalog/mashinki_iz_multfilmov/monster_jam_6045029_fre_monstr_dzhem_igrovoy_nabor_mashinok_zona_zombi_freestyle/;"https://cdn.toy.ru/upload/iblock/24f/1.jpg?_cvc=1694840160;https://cdn.toy.ru/upload/iblock/068/41_y2euszl.jpg?_cvc=1694840160;https://cdn.toy.ru/upload/iblock/3f6/81dqra7mrdl._sl1500_.jpg?_cvc=1694840160;https://cdn.toy.ru/upload/iblock/d14/91bjgtyxt4l._sl1500_.jpg?_cvc=1694840160;https://cdn.toy.ru/upload/resize_cache/iblock/24f/80_80_10240811ca8906714d1a9f41f2f5b358d/1.jpg?_cvc=1694840160;https://cdn.toy.ru/upload/resize_cache/iblock/068/80_80_10240811ca8906714d1a9f41f2f5b358d/41_y2euszl.jpg?_cvc=1694840160;https://cdn.toy.ru/upload/resize_cache/iblock/3f6/80_80_10240811ca8906714d1a9f41f2f5b358d/81dqra7mrdl._sl1500_.jpg?_cvc=1694840160;https://cdn.toy.ru/upload/resize_cache/iblock/d14/80_80_10240811ca8906714d1a9f41f2f5b358d/91bjgtyxt4l._sl1500_.jpg?_cvc=1694840160;"
Санкт-Петербург;"Главная/Каталог продукции/Транспорт/Машинки из мультфильмов/Monster Jam 6045029-ZOM Монстр Джем игровой набор машинок ""Зона Зомби"" Zombie/";"Monster Jam 6045029-ZOM Монстр Джем игровой набор машинок ""Зона Зомби"" Zombie";4859;0;В наличии;https://www.toy.ru/catalog/mashinki_iz_multfilmov/monster_jam_6045029_zom_monstr_dzhem_igrovoy_nabor_mashinok_zona_zombi_zombie/;"https://cdn.toy.ru/upload/iblock/a52/2.jpg?_cvc=1694840160;https://cdn.toy.ru/upload/iblock/d78/41u95cyws9l.jpg?_cvc=1694840160;https://cdn.toy.ru/upload/iblock/56d/91bsdhufzkl._sl1500_.jpg?_cvc=1694840160;https://cdn.toy.ru/upload/resize_cache/iblock/a52/80_80_10240811ca8906714d1a9f41f2f5b358d/2.jpg?_cvc=1694840160;https://cdn.toy.ru/upload/resize_cache/iblock/d78/80_80_10240811ca8906714d1a9f41f2f5b358d/41u95cyws9l.jpg?_cvc=1694840160;https://cdn.toy.ru/upload/resize_cache/iblock/56d/80_80_10240811ca8906714d1a9f41f2f5b358d/91bsdhufzkl._sl1500_.jpg?_cvc=1694840160;"
Санкт-Петербург;"Главная/Каталог продукции/Транспорт/Машинки из мультфильмов/Monster Jam 6044990-SOL Монстр Джем машинка ""Звуки мотора"" Soldier Fortune/";"Monster Jam 6044990-SOL Монстр Джем машинка ""Звуки мотора"" Soldier Fortune";1959;0;В наличии;https://www.toy.ru/catalog/mashinki_iz_multfilmov/monster_jam_6044990_sol_monstr_dzhem_mashinka_zvuki_motora_soldier_fortune/;"https://cdn.toy.ru/upload/iblock/c75/pol_pm_spin_master_6044990_monster_jam_woz_soldier_fortune_warczace_opony_8074_1.jpg?_cvc=1694840160;https://cdn.toy.ru/upload/iblock/99b/pol_pm_spin_master_6044990_monster_jam_woz_soldier_fortune_warczace_opony_8074_3.jpg?_cvc=1694840160;https://cdn.toy.ru/upload/iblock/866/pol_pm_spin_master_6044990_monster_jam_woz_soldier_fortune_warczace_opony_8074_9.jpg?_cvc=1694840160;https://cdn.toy.ru/upload/iblock/a19/pol_pm_spin_master_6044990_monster_jam_woz_soldier_fortune_warczace_opony_8074_7.jpg?_cvc=1694840160;https://cdn.toy.ru/upload/resize_cache/iblock/c75/80_80_10240811ca8906714d1a9f41f2f5b358d/pol_pm_spin_master_6044990_monster_jam_woz_soldier_fortune_warczace_opony_8074_1.jpg?_cvc=1694840160;https://cdn.toy.ru/upload/resize_cache/iblock/99b/80_80_10240811ca8906714d1a9f41f2f5b358d/pol_pm_spin_master_6044990_monster_jam_woz_soldier_fortune_warczace_opony_8074_3.jpg?_cvc=1694840160;https://cdn.toy.ru/upload/resize_cache/iblock/866/80_80_10240811ca8906714d1a9f41f2f5b358d/pol_pm_spin_master_6044990_monster_jam_woz_soldier_fortune_warczace_opony_8074_9.jpg?_cvc=1694840160;https://cdn.toy.ru/upload/resize_cache/iblock/a19/80_80_10240811ca8906714d1a9f41f2f5b358d/pol_pm_spin_master_6044990_monster_jam_woz_soldier_fortune_warczace_opony_8074_7.jpg?_cvc=1694840160;"
Санкт-Петербург;Главная/Каталог продукции/Транспорт/Коллекционные машинки/Модели мотоциклов/Welly 12844P Велли модель мотоцикла 1:18 Suzuki GSX S1000F/;Welly 12844P Велли модель мотоцикла 1:18 Suzuki GSX S1000F;649;0;В наличии;https://www.toy.ru/catalog/modeli_mototsiklov/welly_12844p_velli_model_mototsikla_1_18_suzuki_gsx_s1000f/;"https://cdn.toy.ru/upload/iblock/4d0/12844p.jpg?_cvc=1694840160;https://cdn.toy.ru/upload/resize_cache/iblock/4d0/80_80_10240811ca8906714d1a9f41f2f5b358d/12844p.jpg?_cvc=1694840160;"
Санкт-Петербург;Главная/Каталог продукции/Транспорт/Автотреки и машинки Hot Wheels/Mattel Hot Wheels GCG07 Хот Вилс Монстр трак Трансформеры BONE SHAKER/;Mattel Hot Wheels GCG07 Хот Вилс Монстр трак Трансформеры BONE SHAKER;3179;0;В наличии;https://www.toy.ru/catalog/toys-avtotreki/mattel_hot_wheels_gcg07_khot_vils_monstr_trak_transformery_bone_shaker/;"https://cdn.toy.ru/upload/iblock/b68/gcg07_pip_fe_19_001_19a.jpg?_cvc=1694840160;https://cdn.toy.ru/upload/resize_cache/iblock/b68/80_80_10240811ca8906714d1a9f41f2f5b358d/gcg07_pip_fe_19_001_19a.jpg?_cvc=1694840160;"
Санкт-Петербург;Главная/Каталог продукции/Транспорт/Коллекционные машинки/Коллекционные машинки/Wincars YK-2201 Джип с большими колёсами инерционный металлический 14 см, (в ассортименте)/;Wincars YK-2201 Джип с большими колёсами инерционный металлический 14 см, (в ассортименте);979;0;В наличии;https://www.toy.ru/catalog/modeli_mashin/wincars_yk_2201_dzhip_s_bolshimi_kolyesami_inertsionnyy_metallicheskiy_14_sm_v_assortimente/;"https://cdn.toy.ru/upload/iblock/713/yk_2201.jpg?_cvc=1694840160;https://cdn.toy.ru/upload/iblock/596/yk_2201_3.jpg?_cvc=1694840160;https://cdn.toy.ru/upload/iblock/626/yk_2201.jpg?_cvc=1694840160;https://cdn.toy.ru/upload/iblock/a1f/yk_2201_2.jpg?_cvc=1694840160;https://cdn.toy.ru/upload/resize_cache/iblock/713/80_80_10240811ca8906714d1a9f41f2f5b358d/yk_2201.jpg?_cvc=1694840160;https://cdn.toy.ru/upload/resize_cache/iblock/596/80_80_10240811ca8906714d1a9f41f2f5b358d/yk_2201_3.jpg?_cvc=1694840160;https://cdn.toy.ru/upload/resize_cache/iblock/626/80_80_10240811ca8906714d1a9f41f2f5b358d/yk_2201.jpg?_cvc=1694840160;https://cdn.toy.ru/upload/resize_cache/iblock/a1f/80_80_10240811ca8906714d1a9f41f2f5b358d/yk_2201_2.jpg?_cvc=1694840160;"
Санкт-Петербург;Главная/Каталог продукции/Транспорт/Коллекционные машинки/Коллекционные машинки/Wincars YK-2202 Ретромодель с большими колёсами инерционная металлическая 13 см, (в ассортименте)/;Wincars YK-2202 Ретромодель с большими колёсами инерционная металлическая 13 см, (в ассортименте);899;0;В наличии;https://www.toy.ru/catalog/modeli_mashin/wincars_yk_2202_retromodel_s_bolshimi_kolyesami_inertsionnaya_metallicheskaya_13_sm_v_assortimente/;"https://cdn.toy.ru/upload/iblock/738/yk_2202.jpg?_cvc=1694840160;https://cdn.toy.ru/upload/iblock/0f5/yk_2202_3.jpg?_cvc=1694840160;https://cdn.toy.ru/upload/iblock/bda/yk_2202_1.jpg?_cvc=1694840160;https://cdn.toy.ru/upload/iblock/363/yk_2202_2.jpg?_cvc=1694840160;https://cdn.toy.ru/upload/iblock/545/yk_2202.jpg?_cvc=1694840160;https://cdn.toy.ru/upload/resize_cache/iblock/738/80_80_10240811ca8906714d1a9f41f2f5b358d/yk_2202.jpg?_cvc=1694840160;https://cdn.toy.ru/upload/resize_cache/iblock/0f5/80_80_10240811ca8906714d1a9f41f2f5b358d/yk_2202_3.jpg?_cvc=1694840160;https://cdn.toy.ru/upload/resize_cache/iblock/bda/80_80_10240811ca8906714d1a9f41f2f5b358d/yk_2202_1.jpg?_cvc=1694840160;https://cdn.toy.ru/upload/resize_cache/iblock/363/80_80_10240811ca8906714d1a9f41f2f5b358d/yk_2202_2.jpg?_cvc=1694840160;https://cdn.toy.ru/upload/resize_cache/iblock/545/80_80_10240811ca8906714d1a9f41f2f5b358d/yk_2202.jpg?_cvc=1694840160;"
Санкт-Петербург;Главная/Каталог продукции/Транспорт/Коллекционные машинки/Коллекционные машинки/Wincars YK-2203 Внедорожник с большими колёсами инерционный металлический 14 см, (в ассортименте)/;Wincars YK-2203 Внедорожник с большими колёсами инерционный металлический 14 см, (в ассортименте);899;0;В наличии;https://www.toy.ru/catalog/modeli_mashin/wincars_yk_2203_vnedorozhnik_s_bolshimi_kolyesami_inertsionnyy_metallicheskiy_14_sm_v_assortimente/;"https://cdn.toy.ru/upload/iblock/a2c/yk_2203.jpg?_cvc=1694840160;https://cdn.toy.ru/upload/iblock/a38/yk_2203_3_blue.jpg?_cvc=1694840160;https://cdn.toy.ru/upload/iblock/a70/yk_2203_3_green.jpg?_cvc=1694840160;https://cdn.toy.ru/upload/iblock/2c5/yk_2203_3_orange.jpg?_cvc=1694840160;https://cdn.toy.ru/upload/iblock/a5d/yk_2203_3_red.jpg?_cvc=1694840160;https://cdn.toy.ru/upload/iblock/16c/yk_2203_1_blue.jpg?_cvc=1694840160;https://cdn.toy.ru/upload/iblock/fd1/yk_2203_1_orange.jpg?_cvc=1694840160;https://cdn.toy.ru/upload/iblock/feb/yk_2203_1_red.jpg?_cvc=1694840160;https://cdn.toy.ru/upload/resize_cache/iblock/a2c/80_80_10240811ca8906714d1a9f41f2f5b358d/yk_2203.jpg?_cvc=1694840160;https://cdn.toy.ru/upload/resize_cache/iblock/a38/80_80_10240811ca8906714d1a9f41f2f5b358d/yk_2203_3_blue.jpg?_cvc=1694840160;https://cdn.toy.ru/upload/resize_cache/iblock/a70/80_80_10240811ca8906714d1a9f41f2f5b358d/yk_2203_3_green.jpg?_cvc=1694840160;https://cdn.toy.ru/upload/resize_cache/iblock/2c5/80_80_10240811ca8906714d1a9f41f2f5b358d/yk_2203_3_orange.jpg?_cvc=1694840160;https://cdn.toy.ru/upload/resize_cache/iblock/a5d/80_80_10240811ca8906714d1a9f41f2f5b358d/yk_2203_3_red.jpg?_cvc=1694840160;https://cdn.toy.ru/upload/resize_cache/iblock/16c/80_80_10240811ca8906714d1a9f41f2f5b358d/yk_2203_1_blue.jpg?_cvc=1694840160;https://cdn.toy.ru/upload/resize_cache/iblock/fd1/80_80_10240811ca8906714d1a9f41f2f5b358d/yk_2203_1_orange.jpg?_cvc=1694840160;https://cdn.toy.ru/upload/resize_cache/iblock/feb/80_80_10240811ca8906714d1a9f41f2f5b358d/yk_2203_1_red.jpg?_cvc=1694840160;"
Санкт-Петербург;Главная/Каталог продукции/Транспорт/Коллекционные машинки/Коллекционные машинки/Wincars YK-2204 Машинка классическая с большими колёсами инерционная металл. 13см , (в ассортименте)/;Wincars YK-2204 Машинка классическая с большими колёсами инерционная металл. 13см , (в ассортименте);869;0;В наличии;https://www.toy.ru/catalog/modeli_mashin/wincars_yk_2204_mashinka_klassicheskaya_s_bolshimi_kolyesami_inertsionnaya_metall_13sm_v_assortiment/;"https://cdn.toy.ru/upload/iblock/382/yk_2204.jpg?_cvc=1694840160;https://cdn.toy.ru/upload/iblock/63c/yk_2204_3.jpg?_cvc=1694840160;https://cdn.toy.ru/upload/iblock/b5c/yk_2204.jpg?_cvc=1694840160;https://cdn.toy.ru/upload/resize_cache/iblock/382/80_80_10240811ca8906714d1a9f41f2f5b358d/yk_2204.jpg?_cvc=1694840160;https://cdn.toy.ru/upload/resize_cache/iblock/63c/80_80_10240811ca8906714d1a9f41f2f5b358d/yk_2204_3.jpg?_cvc=1694840160;https://cdn.toy.ru/upload/resize_cache/iblock/b5c/80_80_10240811ca8906714d1a9f41f2f5b358d/yk_2204.jpg?_cvc=1694840160;"
Санкт-Петербург;Главная/Каталог продукции/Транспорт/Коллекционные машинки/Коллекционные машинки/Wincars YK-2205 Машинка с большими колёсами инерционная металл. 13 см (в ассортименте)/;Wincars YK-2205 Машинка с большими колёсами инерционная металл. 13 см (в ассортименте);669;0;В наличии;https://www.toy.ru/catalog/modeli_mashin/wincars_yk_2205_mashinka_s_bolshimi_kolyesami_inertsionnaya_metall_13_sm_v_assortimente/;"https://cdn.toy.ru/upload/iblock/8fa/yk_2205.jpg?_cvc=1694840160;https://cdn.toy.ru/upload/iblock/9d8/yk_2205_3_blue.jpg?_cvc=1694840160;https://cdn.toy.ru/upload/iblock/203/yk_2205_3_green.jpg?_cvc=1694840160;https://cdn.toy.ru/upload/iblock/bb4/yk_2205_3_orange.jpg?_cvc=1694840160;https://cdn.toy.ru/upload/iblock/0c1/yk_2205_3_white.jpg?_cvc=1694840160;https://cdn.toy.ru/upload/iblock/5fb/yk_2205_1_blue.jpg?_cvc=1694840160;https://cdn.toy.ru/upload/iblock/c50/yk_2205_1_orange.jpg?_cvc=1694840160;https://cdn.toy.ru/upload/iblock/447/yk_2205.jpg?_cvc=1694840160;https://cdn.toy.ru/upload/resize_cache/iblock/8fa/80_80_10240811ca8906714d1a9f41f2f5b358d/yk_2205.jpg?_cvc=1694840160;https://cdn.toy.ru/upload/resize_cache/iblock/9d8/80_80_10240811ca8906714d1a9f41f2f5b358d/yk_2205_3_blue.jpg?_cvc=1694840160;https://cdn.toy.ru/upload/resize_cache/iblock/203/80_80_10240811ca8906714d1a9f41f2f5b358d/yk_2205_3_green.jpg?_cvc=1694840160;https://cdn.toy.ru/upload/resize_cache/iblock/bb4/80_80_10240811ca8906714d1a9f41f2f5b358d/yk_2205_3_orange.jpg?_cvc=1694840160;https://cdn.toy.ru/upload/resize_cache/iblock/0c1/80_80_10240811ca8906714d1a9f41f2f5b358d/yk_2205_3_white.jpg?_cvc=1694840160;https://cdn.toy.ru/upload/resize_cache/iblock/5fb/80_80_10240811ca8906714d1a9f41f2f5b358d/yk_2205_1_blue.jpg?_cvc=1694840160;https://cdn.toy.ru/upload/resize_cache/iblock/c50/80_80_10240811ca8906714d1a9f41f2f5b358d/yk_2205_1_orange.jpg?_cvc=1694840160;https://cdn.toy.ru/upload/resize_cache/iblock/447/80_80_10240811ca8906714d1a9f41f2f5b358d/yk_2205.jpg?_cvc=1694840160;"
Санкт-Петербург;Главная/Каталог продукции/Транспорт/Коллекционные машинки/Коллекционные машинки/Wincars YK-2206 Автобус с большими колёсами инерционный металл.10 см (в ассортименте)/;Wincars YK-2206 Автобус с большими колёсами инерционный металл.10 см (в ассортименте);639;0;В наличии;https://www.toy.ru/catalog/modeli_mashin/wincars_yk_2206_avtobus_s_bolshimi_kolyesami_inertsionnyy_metall_10_sm_v_assortimente/;"https://cdn.toy.ru/upload/iblock/65f/yk_2206.jpg?_cvc=1694840160;https://cdn.toy.ru/upload/iblock/101/yk_2206_3_blue.jpg?_cvc=1694840160;https://cdn.toy.ru/upload/iblock/9dd/yk_2206_3_green.jpg?_cvc=1694840160;https://cdn.toy.ru/upload/iblock/579/yk_2206_3_red.jpg?_cvc=1694840160;https://cdn.toy.ru/upload/iblock/80d/yk_2206_3_yellow.jpg?_cvc=1694840160;https://cdn.toy.ru/upload/iblock/817/yk_2206_1_blue.jpg?_cvc=1694840160;https://cdn.toy.ru/upload/iblock/3d3/yk_2206_1_yellow.jpg?_cvc=1694840160;https://cdn.toy.ru/upload/iblock/243/yk_2206.jpg?_cvc=1694840160;https://cdn.toy.ru/upload/resize_cache/iblock/65f/80_80_10240811ca8906714d1a9f41f2f5b358d/yk_2206.jpg?_cvc=1694840160;https://cdn.toy.ru/upload/resize_cache/iblock/101/80_80_10240811ca8906714d1a9f41f2f5b358d/yk_2206_3_blue.jpg?_cvc=1694840160;https://cdn.toy.ru/upload/resize_cache/iblock/9dd/80_80_10240811ca8906714d1a9f41f2f5b358d/yk_2206_3_green.jpg?_cvc=1694840160;https://cdn.toy.ru/upload/resize_cache/iblock/579/80_80_10240811ca8906714d1a9f41f2f5b358d/yk_2206_3_red.jpg?_cvc=1694840160;https://cdn.toy.ru/upload/resize_cache/iblock/80d/80_80_10240811ca8906714d1a9f41f2f5b358d/yk_2206_3_yellow.jpg?_cvc=1694840160;https://cdn.toy.ru/upload/resize_cache/iblock/817/80_80_10240811ca8906714d1a9f41f2f5b358d/yk_2206_1_blue.jpg?_cvc=1694840160;https://cdn.toy.ru/upload/resize_cache/iblock/3d3/80_80_10240811ca8906714d1a9f41f2f5b358d/yk_2206_1_yellow.jpg?_cvc=1694840160;https://cdn.toy.ru/upload/resize_cache/iblock/243/80_80_10240811ca8906714d1a9f41f2f5b358d/yk_2206.jpg?_cvc=1694840160;"
Санкт-Петербург;Главная/Каталог продукции/Транспорт/Коллекционные машинки/Коллекционные машинки/Wincars YK-2207 Машинка с большими колёсами инерционная металлическая 11 см, (в ассортименте)/;Wincars YK-2207 Машинка с большими колёсами инерционная металлическая 11 см, (в ассортименте);519;0;В наличии;https://www.toy.ru/catalog/modeli_mashin/wincars_yk_2207_mashinka_s_bolshimi_kolyesami_inertsionnaya_metallicheskaya_11_sm_v_assortimente/;"https://cdn.toy.ru/upload/iblock/66c/yk_2207.jpg?_cvc=1694840160;https://cdn.toy.ru/upload/iblock/322/yk_2207_3_blue.jpg?_cvc=1694840160;https://cdn.toy.ru/upload/iblock/996/yk_2207_3_green.jpg?_cvc=1694840160;https://cdn.toy.ru/upload/iblock/2c8/yk_2207_3_red.jpg?_cvc=1694840160;https://cdn.toy.ru/upload/iblock/445/yk_2207_3_yellow.jpg?_cvc=1694840160;https://cdn.toy.ru/upload/iblock/c34/yk_2207.jpg?_cvc=1694840160;https://cdn.toy.ru/upload/iblock/66e/yk_2207_1_blue.jpg?_cvc=1694840160;https://cdn.toy.ru/upload/iblock/6ac/yk_2207_1_green.jpg?_cvc=1694840160;https://cdn.toy.ru/upload/resize_cache/iblock/66c/80_80_10240811ca8906714d1a9f41f2f5b358d/yk_2207.jpg?_cvc=1694840160;https://cdn.toy.ru/upload/resize_cache/iblock/322/80_80_10240811ca8906714d1a9f41f2f5b358d/yk_2207_3_blue.jpg?_cvc=1694840160;https://cdn.toy.ru/upload/resize_cache/iblock/996/80_80_10240811ca8906714d1a9f41f2f5b358d/yk_2207_3_green.jpg?_cvc=1694840160;https://cdn.toy.ru/upload/resize_cache/iblock/2c8/80_80_10240811ca8906714d1a9f41f2f5b358d/yk_2207_3_red.jpg?_cvc=1694840160;https://cdn.toy.ru/upload/resize_cache/iblock/445/80_80_10240811ca8906714d1a9f41f2f5b358d/yk_2207_3_yellow.jpg?_cvc=1694840160;https://cdn.toy.ru/upload/resize_cache/iblock/c34/80_80_10240811ca8906714d1a9f41f2f5b358d/yk_2207.jpg?_cvc=1694840160;https://cdn.toy.ru/upload/resize_cache/iblock/66e/80_80_10240811ca8906714d1a9f41f2f5b358d/yk_2207_1_blue.jpg?_cvc=1694840160;https://cdn.toy.ru/upload/resize_cache/iblock/6ac/80_80_10240811ca8906714d1a9f41f2f5b358d/yk_2207_1_green.jpg?_cvc=1694840160;"
Санкт-Петербург;"Главная/Каталог продукции/Транспорт/Автотреки и машинки Hot Wheels/Mattel Hot Wheels GGP93 Хот Вилс Конструктор трасс ""Премиальный трюковой набор""/";"Mattel Hot Wheels GGP93 Хот Вилс Конструктор трасс ""Премиальный трюковой набор""";7539;0;В наличии;https://www.toy.ru/catalog/toys-avtotreki/mattel_hot_wheels_ggp93_khot_vils_konstruktor_trass_premialnyy_tryukovoy_nabor/;"https://cdn.toy.ru/upload/iblock/b73/0_600x800_0b3.jpg?_cvc=1694840160;https://cdn.toy.ru/upload/iblock/a77/2_600x800_0b3.jpg?_cvc=1694840160;https://cdn.toy.ru/upload/iblock/64f/4_600x800_0b3.jpg?_cvc=1694840160;https://cdn.toy.ru/upload/iblock/c1d/6_600x800_0b3.jpg?_cvc=1694840